AccountNum,FirstName,LastName,PhoneNumber,Email
123456789,Franklin,Wong,918-617-7940,Wong@gmail.com,
33445555,Alicia,Zelaya,252-288-8428,Zelaya@gmail.com,
999887777,Jennifer,Wallace,661-512-9141,Wallace@hotmail.com,
987654321,Ramesh,Narayan,312-206-5993,Narayan@yahoo.com,
666884444,Joyce,English,218-282-6501,English@gmail.com,
453453453,Ahmad,Jabbar,763-754-2500,Jabbar@AOL.com,
987987987,James,Borg,806-307-7791,Borg@hotmail.com,
888665555,John,Smith,313-272-7990,Smith@yahoo.com,
888866666,Melissa,Noord,615-989-5148,Noord@gmail.com,
565656565,Harry,Potter,507-874-2121,Potter@test.com,
123123123,Ron,Wesley,626-919-2942,Wesley@gmail.com,
909090909,Rebecca,Steely,205-956-5752,Steely@hotmail.com,
918918918,Emme,Sands,510-970-8918,Sands.1@gmail.com,
567567567,Ava,Sands,507-554-3319,Sands345@gmail.com,
647392954,Karen,Tree,702-776-0837,Tree78@hotmail.com,
758463729,Kyle,Brown,219-395-8806,Brown123@hotmail.com,
987032647,Kevin,Jones,916-861-5021,Jones@yahoo.com,
101010101,Joseph,Miller,754-223-6254,Miller45@AOL.com,
676767676,Benjamin,Simmons,925-386-7810,Simmons@hotmail.com,
645645645,Elizabeth,Shivers,609-841-3049,Shivers@gmail.com,
343434565,Tessa,Pick,361-349-4627,Pick@AOL.com,
111100000,Karishma,Tomlinson,812-435-2154,Karishma44@hotmail.com,
444455555,Aiesha,Bowen,310-618-1961,Bowen1988@gmail.com,
353562728,Shakira,Drew,617-863-2316,Sdrew.54@gmail.com,
888777990,Keiran,Hancock,304-379-4074,Hancock58@hotmail.com,
354627189,Lucca,Christensen,305-229-6546,Luccac@gmail.com,
646666665,Mckenzie,Ryan,425-284-0553,Ryanm@yahoo.com,
999900087,Amanda,Delacruz,303-538-8953,Delacruzamanda@gmail.com,
444433337,Darcy,Hammond,806-937-8611,hammonddar@yahoo.com,
884477261,Louisa,Crowther,510-224-8759,louisacrow@hotmail.com,
665433277,Richie,Norman,720-368-7219,normanrichie@yahoo.com,
123499999,Alvin,Lacey,303-397-5260,lacey1989@yahoo.com,
375738201,Amira,Woodward,786-224-2448,woodwardamiera2001@hotmail.com,
876500112,Norma,Smyth,337-856-9950,smyth123@hotmail.com,
375720105,Kwabena,Dean,954-658-5143,deank@AOL.com,
462575610,Morgan,Rennie,270-525-1079,rennmorgan@gmail.com,
999998888,Anjali,Paterson,786-389-6814,patersona@yahoo.com,
766575869,Eleasha,Hartley,413-255-5642,hartley567@gmail.com,
756483925,Ariyah,Gentry,408-275-8523,gentry020401@gmail.com,
163764859,Emelie,Pena,610-770-8940,emeliepna@yahoo.com,
237509315,Tahmid,Blankenship,773-813-3992,tahmidb2015@gmail.com,
